seq_id	resi_1	pos_1	resi_2	pos_2	prob
NP_214704_1	C	38	H	63	0.830
NP_214704_1	C	38	C	67	0.832
NP_214704_1	H	63	C	67	0.883
NP_215342_1	H	88	D	95	0.809
NP_215482_1	C	36	H	61	0.806
NP_215482_1	C	36	C	65	0.806
NP_215482_1	H	61	C	65	0.846
NP_216425_2	E	82	H	89	0.929
NP_216425_2	E	82	H	91	0.898
NP_216425_2	H	89	H	91	0.946
NP_216425_2	H	89	D	102	0.943
NP_216425_2	H	91	D	102	0.820
NP_216425_2	H	91	C	134	0.934
NP_216425_2	C	94	C	97	0.989
NP_216425_2	C	94	C	134	0.987
NP_216425_2	C	94	C	137	0.992
NP_216425_2	C	97	C	134	0.982
NP_216425_2	C	97	C	137	0.976
NP_216425_2	C	134	C	137	0.976
NP_216874_1	D	116	H	118	0.811
NP_216874_1	H	118	H	121	0.804
NP_216874_1	H	118	H	129	0.890
NP_216874_1	H	129	E	132	0.827
NP_216875_1	H	79	H	81	0.880
NP_216875_1	H	79	H	117	0.920
NP_216875_1	H	80	H	82	0.920
NP_216875_1	H	80	E	93	0.889
NP_216875_1	H	81	H	117	0.901
NP_216875_1	H	82	E	93	0.854
NP_216875_1	H	82	C	125	0.946
NP_216875_1	C	85	C	88	0.987
NP_216875_1	C	85	C	125	0.991
NP_216875_1	C	85	C	128	0.993
NP_216875_1	C	88	C	125	0.983
NP_216875_1	C	88	C	128	0.986
NP_216875_1	C	125	C	128	0.982
NP_217227_1	H	79	E	83	0.948
NP_217227_1	H	79	H	98	0.974
NP_217227_1	H	79	C	102	0.950
NP_217227_1	H	79	E	105	0.961
NP_217227_1	E	83	H	98	0.940
NP_217227_1	H	98	C	102	0.935
NP_217227_1	C	102	E	105	0.938
NP_217304_1	H	86	E	90	0.929
NP_217304_1	H	86	H	105	0.966
NP_217304_1	H	86	E	109	0.903
NP_217304_1	H	86	E	112	0.929
NP_217304_1	E	90	H	105	0.923
NP_217304_1	E	90	E	109	0.885
NP_217304_1	E	90	E	112	0.901
NP_217304_1	E	90	D	133	0.899
NP_217304_1	E	90	H	135	0.915
NP_217304_1	H	105	E	109	0.898
NP_217304_1	H	105	E	112	0.918
NP_217304_1	H	105	D	133	0.933
NP_217304_1	H	105	H	135	0.941
NP_217304_1	E	109	E	112	0.892
NP_217304_1	E	109	H	135	0.887
NP_217304_1	D	133	H	135	0.917
NP_217304_1	D	133	D	137	0.873
NP_217304_1	H	135	D	137	0.861
NP_217576_1	E	408	H	412	0.801
NP_217576_1	E	408	H	481	0.823
NP_217576_1	H	412	H	459	0.868
NP_217576_1	H	412	H	481	0.890
NP_217576_1	H	459	H	481	0.889
NP_218261_1	D	91	H	93	0.882
NP_218261_1	E	100	H	104	0.817
NP_218261_1	H	104	H	107	0.932
WP_000245564_1	C	103	C	106	0.988
WP_000245564_1	C	103	C	143	0.995
WP_000245564_1	C	103	C	146	0.993
WP_000245564_1	C	106	C	143	0.986
WP_000245564_1	C	106	C	146	0.988
WP_000245564_1	C	143	C	146	0.986
WP_000486335_1	C	79	C	125	0.878
WP_000842742_1	D	143	H	147	0.949
WP_000842742_1	D	143	H	192	0.933
WP_000842742_1	D	143	H	214	0.931
WP_000842742_1	H	147	H	192	0.974
WP_000842742_1	H	147	H	214	0.978
WP_000842742_1	H	192	H	214	0.963
WP_001027397_1	C	112	C	120	0.928
WP_001282826_1	E	81	H	88	0.850
WP_001282826_1	E	81	H	90	0.817
WP_001282826_1	H	87	D	89	0.873
WP_001282826_1	H	87	E	108	0.831
WP_001282826_1	H	87	H	125	0.912
WP_001282826_1	H	88	H	90	0.915
WP_001282826_1	H	88	E	101	0.865
WP_001282826_1	D	89	E	108	0.849
WP_001282826_1	D	89	H	125	0.901
WP_001282826_1	H	90	E	101	0.883
WP_001282826_1	C	93	C	96	0.966
WP_001282826_1	C	93	C	133	0.959
WP_001282826_1	C	93	D	136	0.873
WP_001282826_1	C	96	C	133	0.938
WP_001282826_1	C	96	D	136	0.858
WP_001282826_1	E	108	H	125	0.856
WP_001282826_1	C	133	D	136	0.845
WP_001918301_1	C	92	C	98	0.877
WP_001918301_1	C	92	C	104	0.907
WP_001918301_1	C	98	C	104	0.886
WP_001918301_1	C	104	H	107	0.809
WP_003873121_1	E	118	H	239	0.864
WP_003873121_1	H	164	H	217	0.928
WP_003873121_1	H	164	H	239	0.953
WP_003873121_1	H	217	H	239	0.938
WP_003874104_1	C	38	H	63	0.823
WP_003874104_1	H	63	C	67	0.879
WP_003874151_1	H	134	H	176	0.927
WP_003874151_1	H	134	H	198	0.961
WP_003874151_1	E	175	H	198	0.856
WP_003874151_1	H	176	H	198	0.925
WP_003874166_1	E	140	H	144	0.853
WP_003874166_1	E	140	H	186	0.801
WP_003874166_1	H	144	H	186	0.895
WP_003875160_1	H	90	E	94	0.935
WP_003875160_1	H	90	H	109	0.962
WP_003875160_1	H	90	E	113	0.913
WP_003875160_1	H	90	E	116	0.928
WP_003875160_1	H	90	H	117	0.961
WP_003875160_1	E	94	H	109	0.927
WP_003875160_1	E	94	E	113	0.886
WP_003875160_1	E	94	E	116	0.899
WP_003875160_1	E	94	D	137	0.903
WP_003875160_1	E	94	H	139	0.921
WP_003875160_1	H	109	E	113	0.890
WP_003875160_1	H	109	E	116	0.914
WP_003875160_1	H	109	D	137	0.934
WP_003875160_1	H	109	H	139	0.937
WP_003875160_1	H	109	D	141	0.861
WP_003875160_1	E	113	E	116	0.885
WP_003875160_1	E	113	H	117	0.896
WP_003875160_1	E	113	H	139	0.891
WP_003875160_1	D	137	H	139	0.922
WP_003875160_1	D	137	D	141	0.864
WP_003875160_1	H	139	D	141	0.860
WP_003877217_1	H	88	D	95	0.811
WP_003878320_1	H	108	H	111	0.802
WP_003878320_1	H	108	D	115	0.800
WP_003878320_1	H	119	E	122	0.852
WP_008257501_1	C	38	H	63	0.825
WP_008257501_1	H	63	C	67	0.849
WP_011081967_1	E	111	H	155	0.915
WP_011081967_1	E	111	H	204	0.903
WP_011081967_1	E	111	H	226	0.911
WP_011081967_1	D	151	H	155	0.925
WP_011081967_1	D	151	H	204	0.908
WP_011081967_1	D	151	H	226	0.930
WP_011081967_1	H	155	H	204	0.944
WP_011081967_1	H	155	H	226	0.973
WP_011081967_1	H	204	H	226	0.960
WP_011151269_1	C	103	C	106	0.989
WP_011151269_1	C	103	C	143	0.990
WP_011151269_1	C	103	C	146	0.994
WP_011151269_1	C	106	C	143	0.991
WP_011151269_1	C	106	C	146	0.987
WP_011151269_1	C	143	C	146	0.975
WP_011724231_1	H	139	H	181	0.958
WP_011724231_1	H	139	H	203	0.965
WP_011724231_1	H	181	H	203	0.965
WP_011724552_1	H	85	H	87	0.877
WP_011724552_1	H	85	H	123	0.922
WP_011724552_1	H	87	H	123	0.902
WP_011724552_1	C	91	C	94	0.985
WP_011724552_1	C	91	C	131	0.991
WP_011724552_1	C	91	C	134	0.990
WP_011724552_1	C	94	C	131	0.979
WP_011724552_1	C	94	C	134	0.983
WP_011724552_1	C	131	C	134	0.978
WP_013572351_1	C	92	C	98	0.883
WP_013572351_1	C	92	C	104	0.914
WP_013572351_1	C	98	C	104	0.902
WP_013572351_1	C	104	H	107	0.816
WP_017419581_1	E	22	H	108	0.812
WP_017419581_1	E	40	H	108	0.806
WP_017419581_1	H	104	H	108	0.900
WP_017419776_1	C	79	C	114	0.802
WP_017419776_1	C	114	C	125	0.869
WP_017421487_1	C	110	C	115	0.919
WP_017421487_1	C	113	C	115	0.949
WP_017421487_1	C	113	C	121	0.966
WP_017421487_1	C	115	C	121	0.952
WP_017422153_1	E	101	H	149	0.911
WP_017422153_1	E	101	H	194	0.849
WP_017422153_1	D	145	H	149	0.952
WP_017422153_1	D	145	H	194	0.929
WP_017422153_1	D	145	H	216	0.934
WP_017422153_1	H	149	H	194	0.979
WP_017422153_1	H	149	H	216	0.981
WP_017422153_1	H	194	H	216	0.966
WP_017422578_1	C	112	C	120	0.921
WP_026050458_1	E	81	H	88	0.852
WP_026050458_1	E	81	H	90	0.822
WP_026050458_1	H	87	D	89	0.871
WP_026050458_1	H	87	E	108	0.819
WP_026050458_1	H	87	H	125	0.910
WP_026050458_1	H	88	H	90	0.914
WP_026050458_1	H	88	E	101	0.864
WP_026050458_1	D	89	E	108	0.855
WP_026050458_1	D	89	H	125	0.906
WP_026050458_1	H	90	E	101	0.879
WP_026050458_1	C	93	C	96	0.972
WP_026050458_1	C	93	C	133	0.967
WP_026050458_1	C	96	C	133	0.962
WP_026050458_1	E	108	H	125	0.856
WP_033712699_1	H	79	E	83	0.951
WP_033712699_1	H	79	H	98	0.975
WP_033712699_1	H	79	C	102	0.949
WP_033712699_1	H	79	E	105	0.960
WP_033712699_1	E	83	H	98	0.942
WP_033712699_1	E	83	C	102	0.903
WP_033712699_1	H	98	C	102	0.934
WP_033712699_1	C	102	E	105	0.936
WP_033719851_1	E	82	H	89	0.912
WP_033719851_1	E	82	H	91	0.884
WP_033719851_1	H	89	H	91	0.948
WP_033719851_1	H	89	D	102	0.952
WP_033719851_1	H	90	C	105	0.923
WP_033719851_1	H	90	C	112	0.899
WP_033719851_1	H	91	D	102	0.891
WP_033719851_1	H	91	C	138	0.956
WP_033719851_1	C	94	C	97	0.991
WP_033719851_1	C	94	C	138	0.990
WP_033719851_1	C	94	C	141	0.995
WP_033719851_1	C	97	C	138	0.991
WP_033719851_1	C	97	C	141	0.985
WP_033719851_1	C	105	C	112	0.925
WP_033719851_1	C	138	C	141	0.978
WP_033720046_1	C	108	C	110	0.845
WP_033720046_1	C	108	C	116	0.889
WP_033720046_1	C	110	C	116	0.898
WP_033720902_1	E	112	H	153	0.826
WP_033720902_1	E	112	H	202	0.858
WP_033720902_1	E	112	H	224	0.809
WP_033720902_1	H	153	H	202	0.932
WP_033720902_1	H	153	H	224	0.942
WP_033720902_1	H	202	H	224	0.930
WP_033720902_1	H	407	H	454	0.913
WP_033720902_1	H	407	H	476	0.915
WP_033720902_1	H	454	H	476	0.910
WP_038939556_1	C	91	C	96	0.918
WP_038939556_1	C	91	C	102	0.912
WP_038939556_1	C	96	C	102	0.934
WP_149560760_1	C	110	C	121	0.960
WP_149560760_1	C	113	C	115	0.954
WP_149560760_1	C	113	C	121	0.972
WP_149560760_1	C	115	C	121	0.960
