seq_id	has_site	n_pairs	n_residues	site_residues	composition	max_prob	mean_prob	organisms	families
WP_001282826_1	yes	17	12	E81,H87,H88,D89,H90,C93,C96,E101,E108,H125,C133,D136	3C,4H,3E,2D	0.966	0.882	VchoRFB16_e-5	ecFur;ecZur
WP_033719851_1	yes	15	11	E82,H89,H90,H91,C94,C97,D102,C105,C112,C138,C141	6C,3H,1E,1D	0.995	0.948	Mavi_homi_e-5	ecFur;ecZur
WP_026050458_1	yes	14	11	E81,H87,H88,D89,H90,C93,C96,E101,E108,H125,C133	3C,4H,3E,1D	0.972	0.889	VvulNBRC_e-5	ecFur;ecZur
NP_216875_1	yes	13	10	H79,H80,H81,H82,C85,C88,E93,H117,C125,C128	4C,5H,1E	0.993	0.941	MtubH37Rv_e-5	ecFur;ecZur
WP_003875160_1	yes	21	9	H90,E94,H109,E113,E116,H117,D137,H139,D141	4H,3E,2D	0.962	0.909	Mavi_homi_e-5	DtxR_bsMntR
NP_216425_2	yes	12	8	E82,H89,H91,C94,C97,D102,C134,C137	4C,2H,1E,1D	0.992	0.948	MtubH37Rv_e-5	ecFur;ecZur
NP_217304_1	yes	18	8	H86,E90,H105,E109,E112,D133,H135,D137	3H,3E,2D	0.966	0.909	MtubH37Rv_e-5	DtxR_bsMntR
WP_011724552_1	yes	9	7	H85,H87,C91,C94,H123,C131,C134	4C,3H	0.991	0.956	Mavi_homi_e-5	ecFur;ecZur
WP_033720902_1	yes	9	7	E112,H153,H202,H224,H407,H454,H476	6H,1E	0.942	0.893	Mavi_homi_e-5	GntR_LldR
WP_017422153_1	yes	8	5	E101,D145,H149,H194,H216	3H,1E,1D	0.981	0.938	VvulNBRC_e-5	GntR_LldR
WP_033712699_1	yes	8	5	H79,E83,H98,C102,E105	1C,2H,2E	0.975	0.944	Mavi_homi_e-5	DtxR_bsMntR
NP_217227_1	yes	7	5	H79,E83,H98,C102,E105	1C,2H,2E	0.974	0.949	MtubH37Rv_e-5	DtxR_bsMntR
WP_011081967_1	yes	9	5	E111,D151,H155,H204,H226	3H,1E,1D	0.973	0.93	VvulNBRC_e-5	GntR_LldR
NP_218261_1	yes	3	5	D91,H93,E100,H104,H107	3H,1E,1D	0.932	0.877	MtubH37Rv_e-5	BsCzrA;mtNmtR
NP_216874_1	yes	4	5	D116,H118,H121,H129,E132	3H,1E,1D	0.89	0.833	MtubH37Rv_e-5	BsCzrA;mtNmtR
WP_003878320_1	yes	3	5	H108,H111,D115,H119,E122	3H,1E,1D	0.852	0.818	Mavi_homi_e-5	BsCzrA;mtNmtR
WP_000245564_1	yes	6	4	C103,C106,C143,C146	4C	0.995	0.989	VchoRFB16_e-5	ecFur;ecZur
WP_011151269_1	yes	6	4	C103,C106,C143,C146	4C	0.994	0.988	VvulNBRC_e-5	ecFur;ecZur
WP_000842742_1	yes	6	4	D143,H147,H192,H214	3H,1D	0.978	0.955	VchoRFB16_e-5	GntR_LldR
WP_149560760_1	yes	4	4	C110,C113,C115,C121	4C	0.972	0.962	VchoRFB16_e-5	PbrR;ecZntR
WP_017421487_1	yes	4	4	C110,C113,C115,C121	4C	0.966	0.946	VvulNBRC_e-5	PbrR;ecZntR
WP_003874151_1	yes	4	4	H134,E175,H176,H198	3H,1E	0.961	0.917	Mavi_homi_e-5	GntR_LldR
WP_003873121_1	yes	4	4	E118,H164,H217,H239	3H,1E	0.953	0.921	Mavi_homi_e-5	GntR_LldR
WP_013572351_1	yes	4	4	C92,C98,C104,H107	3C,1H	0.914	0.879	VvulNBRC_e-5	Rrf2_ecIscR
WP_001918301_1	yes	4	4	C92,C98,C104,H107	3C,1H	0.907	0.87	VchoRFB16_e-5	Rrf2_ecIscR
WP_017419581_1	yes	3	4	E22,E40,H104,H108	2H,2E	0.9	0.839	VvulNBRC_e-5	MarR_AdcR
NP_217576_1	yes	5	4	E408,H412,H459,H481	3H,1E	0.89	0.854	MtubH37Rv_e-5	GntR_LldR
WP_011724231_1	yes	3	3	H139,H181,H203	3H	0.965	0.963	Mavi_homi_e-5	GntR_LldR
WP_038939556_1	yes	3	3	C91,C96,C102	3C	0.934	0.921	VvulNBRC_e-5	Rrf2_ecIscR
WP_033720046_1	yes	3	3	C108,C110,C116	3C	0.898	0.877	Mavi_homi_e-5	PbrR;ecZntR
WP_003874166_1	yes	3	3	E140,H144,H186	2H,1E	0.895	0.85	Mavi_homi_e-5	GntR_LldR
NP_214704_1	yes	3	3	C38,H63,C67	2C,1H	0.883	0.848	MtubH37Rv_e-5	CsoR_bsCsoR
WP_003874104_1	yes	2	3	C38,H63,C67	2C,1H	0.879	0.851	Mavi_homi_e-5	CsoR_bsCsoR
WP_017419776_1	yes	2	3	C79,C114,C125	3C	0.869	0.835	VvulNBRC_e-5	PbrR;ecZntR
WP_008257501_1	yes	2	3	C38,H63,C67	2C,1H	0.849	0.837	Mavi_homi_e-5	CsoR_bsCsoR
NP_215482_1	yes	3	3	C36,H61,C65	2C,1H	0.846	0.82	MtubH37Rv_e-5	CsoR_bsCsoR
WP_001027397_1	yes	1	2	C112,C120	2C	0.928	0.928	VchoRFB16_e-5	PbrR;ecZntR
WP_017422578_1	yes	1	2	C112,C120	2C	0.921	0.921	VvulNBRC_e-5	PbrR;ecZntR
WP_000486335_1	yes	1	2	C79,C125	2C	0.878	0.878	VchoRFB16_e-5	PbrR;ecZntR
WP_003877217_1	yes	1	2	H88,D95	1H,1D	0.811	0.811	Mavi_homi_e-5	BsCzrA;mtNmtR
NP_215342_1	yes	1	2	H88,D95	1H,1D	0.809	0.809	MtubH37Rv_e-5	BsCzrA;mtNmtR
NP_214556_1	no	0	0	-	-	0.0	0.0	MtubH37Rv_e-5	MarR_AdcR
NP_214557_1	no	0	0	-	-	0.0	0.0	MtubH37Rv_e-5	GntR_LldR
NP_214595_1	no	0	0	-	-	0.0	0.0	MtubH37Rv_e-5	BsCzrA;mtNmtR
NP_214816_1	no	0	0	-	-	0.0	0.0	MtubH37Rv_e-5	TetR_SczA
NP_214838_1	no	0	0	-	-	0.0	0.0	MtubH37Rv_e-5	BsCzrA
NP_214838_1_v2	no	0	0	-	-	0.0	0.0	MtubH37Rv_e-5	mtNmtR
NP_214867_1	no	0	0	-	-	0.0	0.0	MtubH37Rv_e-5	PbrR;ecZntR
NP_215008_2	no	0	0	-	-	0.0	0.0	MtubH37Rv_e-5	GntR_LldR
NP_215090_1	no	0	0	-	-	0.0	0.0	MtubH37Rv_e-5	BsCzrA
NP_215090_1_v2	no	0	0	-	-	0.0	0.0	MtubH37Rv_e-5	mtNmtR
NP_215100_1	no	0	0	-	-	0.0	0.0	MtubH37Rv_e-5	GntR_LldR
NP_215281_1	no	0	0	-	-	0.0	0.0	MtubH37Rv_e-5	TetR_SczA
NP_215307_1	no	0	0	-	-	0.0	0.0	MtubH37Rv_e-5	GntR_LldR
NP_215535_1	no	0	0	-	-	0.0	0.0	MtubH37Rv_e-5	TetR_SczA
NP_215668_1	no	0	0	-	-	0.0	0.0	MtubH37Rv_e-5	GntR_LldR
NP_215803_1	no	0	0	-	-	0.0	0.0	MtubH37Rv_e-5	Rrf2_ecIscR
NP_215920_1	no	0	0	-	-	0.0	0.0	MtubH37Rv_e-5	MarR_AdcR
NP_216190_1	no	0	0	-	-	0.0	0.0	MtubH37Rv_e-5	BsCzrA
NP_216190_1_v2	no	0	0	-	-	0.0	0.0	MtubH37Rv_e-5	mtNmtR
NP_216282_2	no	0	0	-	-	0.0	0.0	MtubH37Rv_e-5	CsoR_bsCsoR
NP_216344_1	no	0	0	-	-	0.0	0.0	MtubH37Rv_e-5	PbrR
NP_216362_1	no	0	0	-	-	0.0	0.0	MtubH37Rv_e-5	CopY_saMecI
NP_216510_1	no	0	0	-	-	0.0	0.0	MtubH37Rv_e-5	BsCzrA;mtNmtR
NP_216550_1	no	0	0	-	-	0.0	0.0	MtubH37Rv_e-5	BsCzrA;mtNmtR
NP_217156_1	no	0	0	-	-	0.0	0.0	MtubH37Rv_e-5	BsCzrA;mtNmtR
NP_217158_1	no	0	0	-	-	0.0	0.0	MtubH37Rv_e-5	BsCzrA;mtNmtR
NP_217574_1	no	0	0	-	-	0.0	0.0	MtubH37Rv_e-5	TetR_SczA
NP_217676_1	no	0	0	-	-	0.0	0.0	MtubH37Rv_e-5	TetR_SczA
NP_217851_1	no	0	0	-	-	0.0	0.0	MtubH37Rv_e-5	PbrR;ecZntR
NP_218074_1	no	0	0	-	-	0.0	0.0	MtubH37Rv_e-5	TetR_SczA
WP_000098098_1	no	0	0	-	-	0.0	0.0	VchoRFB16_e-5	MarR_AdcR
WP_000226968_1	no	0	0	-	-	0.0	0.0	VchoRFB16_e-5	PbrR
WP_000226968_1_v2	no	0	0	-	-	0.0	0.0	VchoRFB16_e-5	ecZntR
WP_000234820_1	no	0	0	-	-	0.0	0.0	VchoRFB16_e-5	GntR_LldR
WP_000331318_1	no	0	0	-	-	0.0	0.0	VchoRFB16_e-5	GntR_LldR
WP_000410818_1	no	0	0	-	-	0.0	0.0	VchoRFB16_e-5	MarR_AdcR
WP_000887845_1	no	0	0	-	-	0.0	0.0	VchoRFB16_e-5	MarR_AdcR
WP_000936745_1	no	0	0	-	-	0.0	0.0	VchoRFB16_e-5	BsCzrA
WP_000936745_1_v2	no	0	0	-	-	0.0	0.0	VchoRFB16_e-5	mtNmtR
WP_001053149_1	no	0	0	-	-	0.0	0.0	VchoRFB16_e-5	BsCzrA;mtNmtR
WP_001114934_1	no	0	0	-	-	0.0	0.0	VchoRFB16_e-5	BsCzrA;mtNmtR
WP_001200476_1	no	0	0	-	-	0.0	0.0	VchoRFB16_e-5	GntR_LldR
WP_003872558_1	no	0	0	-	-	0.0	0.0	Mavi_homi_e-5	LysR_ModE
WP_003873870_1	no	0	0	-	-	0.0	0.0	Mavi_homi_e-5	PbrR;ecZntR
WP_003874235_1	no	0	0	-	-	0.0	0.0	Mavi_homi_e-5	CsoR_bsCsoR
WP_003874323_1	no	0	0	-	-	0.0	0.0	Mavi_homi_e-5	TetR_SczA
WP_003875762_1	no	0	0	-	-	0.0	0.0	Mavi_homi_e-5	TetR_SczA
WP_003875976_1	no	0	0	-	-	0.0	0.0	Mavi_homi_e-5	PbrR;ecZntR
WP_003877537_1	no	0	0	-	-	0.0	0.0	Mavi_homi_e-5	TetR_SczA
WP_003877960_1	no	0	0	-	-	0.0	0.0	Mavi_homi_e-5	BsCzrA;mtNmtR
WP_003879062_1	no	0	0	-	-	0.0	0.0	Mavi_homi_e-5	LysR_ModE
WP_003879269_1	no	0	0	-	-	0.0	0.0	Mavi_homi_e-5	TetR_SczA
WP_007170246_1	no	0	0	-	-	0.0	0.0	Mavi_homi_e-5	PbrR;ecZntR
WP_007170252_1	no	0	0	-	-	0.0	0.0	Mavi_homi_e-5	BsCzrA;mtNmtR
WP_007172204_1	no	0	0	-	-	0.0	0.0	Mavi_homi_e-5	TetR_SczA
WP_008257349_1	no	0	0	-	-	0.0	0.0	Mavi_homi_e-5	PbrR;ecZntR
WP_008257374_1	no	0	0	-	-	0.0	0.0	Mavi_homi_e-5	BsCzrA;mtNmtR
WP_008257468_1	no	0	0	-	-	0.0	0.0	Mavi_homi_e-5	TetR_SczA
WP_009974218_1	no	0	0	-	-	0.0	0.0	Mavi_homi_e-5	MarR_AdcR
WP_009975136_1	no	0	0	-	-	0.0	0.0	Mavi_homi_e-5	MarR_AdcR
WP_009975678_1	no	0	0	-	-	0.0	0.0	Mavi_homi_e-5	Rrf2_ecIscR
WP_009977019_1	no	0	0	-	-	0.0	0.0	Mavi_homi_e-5	PbrR
WP_009978709_1	no	0	0	-	-	0.0	0.0	Mavi_homi_e-5	TetR_SczA
WP_009979012_1	no	0	0	-	-	0.0	0.0	Mavi_homi_e-5	MarR_AdcR
WP_010948879_1	no	0	0	-	-	0.0	0.0	Mavi_homi_e-5	TetR_SczA
WP_011078600_1	no	0	0	-	-	0.0	0.0	VvulNBRC_e-5	BsCzrA;mtNmtR
WP_011079257_1	no	0	0	-	-	0.0	0.0	VvulNBRC_e-5	TetR_SczA
WP_011079554_1	no	0	0	-	-	0.0	0.0	VvulNBRC_e-5	GntR_LldR
WP_011080105_1	no	0	0	-	-	0.0	0.0	VvulNBRC_e-5	GntR_LldR
WP_011151851_1	no	0	0	-	-	0.0	0.0	VvulNBRC_e-5	GntR_LldR
WP_011724184_1	no	0	0	-	-	0.0	0.0	Mavi_homi_e-5	BsCzrA;mtNmtR
WP_011724270_1	no	0	0	-	-	0.0	0.0	Mavi_homi_e-5	PbrR
WP_011724270_1_v2	no	0	0	-	-	0.0	0.0	Mavi_homi_e-5	ecZntR
WP_011724342_1	no	0	0	-	-	0.0	0.0	Mavi_homi_e-5	TetR_SczA
WP_011725103_1	no	0	0	-	-	0.0	0.0	Mavi_homi_e-5	CopY_saMecI
WP_011725824_1	no	0	0	-	-	0.0	0.0	Mavi_homi_e-5	TetR_SczA
WP_011726214_1	no	0	0	-	-	0.0	0.0	Mavi_homi_e-5	MarR_AdcR
WP_011726501_1	no	0	0	-	-	0.0	0.0	Mavi_homi_e-5	TetR_SczA
WP_014379994_1	no	0	0	-	-	0.0	0.0	Mavi_homi_e-5	BsCzrA;mtNmtR
WP_015728056_1	no	0	0	-	-	0.0	0.0	VvulNBRC_e-5	PbrR;ecZntR
WP_017419586_1	no	0	0	-	-	0.0	0.0	VvulNBRC_e-5	TetR_SczA
WP_017419796_1	no	0	0	-	-	0.0	0.0	VvulNBRC_e-5	MarR_AdcR
WP_017420393_1	no	0	0	-	-	0.0	0.0	VvulNBRC_e-5	BsCzrA;mtNmtR
WP_017420471_1	no	0	0	-	-	0.0	0.0	VvulNBRC_e-5	PbrR
WP_017420471_1_v2	no	0	0	-	-	0.0	0.0	VvulNBRC_e-5	ecZntR
WP_017421059_1	no	0	0	-	-	0.0	0.0	VvulNBRC_e-5	GntR_LldR
WP_017421405_1	no	0	0	-	-	0.0	0.0	VvulNBRC_e-5	MarR_AdcR
WP_017421861_1	no	0	0	-	-	0.0	0.0	VvulNBRC_e-5	GntR_LldR
WP_017421885_1	no	0	0	-	-	0.0	0.0	VvulNBRC_e-5	TetR_SczA
WP_017422374_1	no	0	0	-	-	0.0	0.0	VvulNBRC_e-5	PbrR
WP_017422374_1_v2	no	0	0	-	-	0.0	0.0	VvulNBRC_e-5	ecZntR
WP_019732316_1	no	0	0	-	-	0.0	0.0	Mavi_homi_e-5	PbrR
WP_019732316_1_v2	no	0	0	-	-	0.0	0.0	Mavi_homi_e-5	ecZntR
WP_019732662_1	no	0	0	-	-	0.0	0.0	Mavi_homi_e-5	GntR_LldR
WP_019733271_1	no	0	0	-	-	0.0	0.0	Mavi_homi_e-5	GntR_LldR
WP_019733374_1	no	0	0	-	-	0.0	0.0	Mavi_homi_e-5	MarR_AdcR
WP_019733678_1	no	0	0	-	-	0.0	0.0	Mavi_homi_e-5	PbrR;ecZntR
WP_023860833_1	no	0	0	-	-	0.0	0.0	Mavi_homi_e-5	GntR_LldR
WP_023861029_1	no	0	0	-	-	0.0	0.0	Mavi_homi_e-5	MarR_AdcR
WP_023861587_1	no	0	0	-	-	0.0	0.0	Mavi_homi_e-5	PbrR;ecZntR
WP_026050216_1	no	0	0	-	-	0.0	0.0	VvulNBRC_e-5	MarR_AdcR
WP_026050517_1	no	0	0	-	-	0.0	0.0	VvulNBRC_e-5	GntR_LldR
WP_026050839_1	no	0	0	-	-	0.0	0.0	VvulNBRC_e-5	MarR_AdcR
WP_032469534_1	no	0	0	-	-	0.0	0.0	VchoRFB16_e-5	MarR_AdcR
WP_033710793_1	no	0	0	-	-	0.0	0.0	Mavi_homi_e-5	GntR_LldR
WP_033712913_1	no	0	0	-	-	0.0	0.0	Mavi_homi_e-5	CopY_saMecI
WP_033717296_1	no	0	0	-	-	0.0	0.0	Mavi_homi_e-5	TetR_SczA
WP_033718214_1	no	0	0	-	-	0.0	0.0	Mavi_homi_e-5	GntR_LldR
WP_033720368_1	no	0	0	-	-	0.0	0.0	Mavi_homi_e-5	GntR_LldR
WP_033928387_1	no	0	0	-	-	0.0	0.0	VchoRFB16_e-5	GntR_LldR
WP_038941075_1	no	0	0	-	-	0.0	0.0	VvulNBRC_e-5	BsCzrA;mtNmtR
WP_049798003_1	no	0	0	-	-	0.0	0.0	VvulNBRC_e-5	GntR_LldR
WP_057969459_1	no	0	0	-	-	0.0	0.0	Mavi_homi_e-5	TetR_SczA
WP_132160229_1	no	0	0	-	-	0.0	0.0	Mavi_homi_e-5	BsCzrA;mtNmtR
WP_132160431_1	no	0	0	-	-	0.0	0.0	Mavi_homi_e-5	TetR_SczA
